{"cameraMode":{"drawMode":0,"name":"Shaded","section":"Shading Mode"},"sceneLighting":false,"audioPlay":false,"sceneViewState":{"showFog":true,"showMaterialUpdate":false,"showSkybox":true,"showFlares":true,"showImageEffects":true,"showParticleSystems":true},"in2DMode":false,"pivot":{"x":0.23000001907348634,"y":-2.5,"z":1.8300000429153443},"rotation":{"x":0.13821746408939362,"y":0.7928417325019836,"z":-0.19554270803928376,"w":0.5604114532470703},"size":2.2463979721069338,"orthographic":false}